user_id,name,email,phone,city,area,signup_date
1,Arun Kumar,user1@example.com,9895822412,Kochi,Kakkanad,2025-01-07
2,Anu Varma,user2@example.com,9824942603,Palakkad,Kaloor,2025-02-14
3,Rahul Sharma,user3@example.com,9813356886,Thrissur,Palarivattom,2025-03-21
4,Sneha Menon,user4@example.com,9846913810,Kozhikode,Aluva,2025-04-28
5,Akhil Thomas,user5@example.com,9842868828,Trivandrum,Shoranur,2025-05-07
6,Meera Das,user6@example.com,9839958838,Bengaluru,Kakkanad,2025-06-14
7,Vishnu Nair,user7@example.com,9828728463,Chennai,Kaloor,2025-07-21
8,Amal Pillai,user8@example.com,9823756669,Hyderabad,Palarivattom,2025-08-28
9,Neha Joseph,user9@example.com,9883197857,Mumbai,Aluva,2025-09-07
10,Adithya Iyer,user10@example.com,9821668732,Pune,Shoranur,2025-10-14
11,Diya Kumar,user11@example.com,9889254563,Kochi,Kakkanad,2025-11-21
12,Nikhil Varma,user12@example.com,9866629388,Palakkad,Kaloor,2025-12-28
13,Athira Sharma,user13@example.com,9814265799,Thrissur,Palarivattom,2025-01-07
14,Rohan Menon,user14@example.com,9813999315,Kozhikode,Aluva,2025-02-14
15,Sanjay Thomas,user15@example.com,9822575562,Trivandrum,Shoranur,2025-03-21
16,Lakshmi Das,user16@example.com,9839345092,Bengaluru,Kakkanad,2025-04-28
17,Kiran Nair,user17@example.com,9841227216,Chennai,Kaloor,2025-05-07
18,Fathima Pillai,user18@example.com,9877827638,Hyderabad,Palarivattom,2025-06-14
19,Abhinav Joseph,user19@example.com,9890801586,Mumbai,Aluva,2025-07-21
20,Anjali Iyer,user20@example.com,9813561597,Pune,Shoranur,2025-08-28
21,Arun Kumar,user21@example.com,9885329037,Kochi,Kakkanad,2025-09-07
22,Anu Varma,user22@example.com,9836687537,Palakkad,Kaloor,2025-10-14
23,Rahul Sharma,user23@example.com,9897226012,Thrissur,Palarivattom,2025-11-21
24,Sneha Menon,user24@example.com,9883140807,Kozhikode,Aluva,2025-12-28
25,Akhil Thomas,user25@example.com,9866306997,Trivandrum,Shoranur,2025-01-07
26,Meera Das,user26@example.com,9839587039,Bengaluru,Kakkanad,2025-02-14
27,Vishnu Nair,user27@example.com,9870291817,Chennai,Kaloor,2025-03-21
28,Amal Pillai,user28@example.com,9889089901,Hyderabad,Palarivattom,2025-04-28
29,Neha Joseph,user29@example.com,9847338124,Mumbai,Aluva,2025-05-07
30,Adithya Iyer,user30@example.com,9810872248,Pune,Shoranur,2025-06-14
31,Diya Kumar,user31@example.com,9831429110,Kochi,Kakkanad,2025-07-21
32,Nikhil Varma,user32@example.com,9866722344,Palakkad,Kaloor,2025-08-28
33,Athira Sharma,user33@example.com,9855667651,Thrissur,Palarivattom,2025-09-07
34,Rohan Menon,user34@example.com,9847295260,Kozhikode,Aluva,2025-10-14
35,Sanjay Thomas,user35@example.com,9830868105,Trivandrum,Shoranur,2025-11-21
36,Lakshmi Das,user36@example.com,9838898923,Bengaluru,Kakkanad,2025-12-28
37,Kiran Nair,user37@example.com,9855176955,Chennai,Kaloor,2025-01-07
38,Fathima Pillai,user38@example.com,9823718431,Hyderabad,Palarivattom,2025-02-14
39,Abhinav Joseph,user39@example.com,9822448136,Mumbai,Aluva,2025-03-21
40,Anjali Iyer,user40@example.com,9860992979,Pune,Shoranur,2025-04-28
41,Arun Kumar,user41@example.com,9822981052,Kochi,Kakkanad,2025-05-07
42,Anu Varma,user42@example.com,9858181396,Palakkad,Kaloor,2025-06-14
43,Rahul Sharma,user43@example.com,9856164955,Thrissur,Palarivattom,2025-07-21
44,Sneha Menon,user44@example.com,9891030736,Kozhikode,Aluva,2025-08-28
45,Akhil Thomas,user45@example.com,9845503389,Trivandrum,Shoranur,2025-09-07
46,Meera Das,user46@example.com,9815831819,Bengaluru,Kakkanad,2025-10-14
47,Vishnu Nair,user47@example.com,9871662963,Chennai,Kaloor,2025-11-21
48,Amal Pillai,user48@example.com,9881971316,Hyderabad,Palarivattom,2025-12-28
49,Neha Joseph,user49@example.com,9826753883,Mumbai,Aluva,2025-01-07
50,Adithya Iyer,user50@example.com,9860806024,Pune,Shoranur,2025-02-14
51,Diya Kumar,user51@example.com,9820576383,Kochi,Kakkanad,2025-03-21
52,Nikhil Varma,user52@example.com,9884093639,Palakkad,Kaloor,2025-04-28
53,Athira Sharma,user53@example.com,9849349722,Thrissur,Palarivattom,2025-05-07
54,Rohan Menon,user54@example.com,9894374605,Kozhikode,Aluva,2025-06-14
55,Sanjay Thomas,user55@example.com,9893016315,Trivandrum,Shoranur,2025-07-21
56,Lakshmi Das,user56@example.com,9858537831,Bengaluru,Kakkanad,2025-08-28
57,Kiran Nair,user57@example.com,9887490893,Chennai,Kaloor,2025-09-07
58,Fathima Pillai,user58@example.com,9835808537,Hyderabad,Palarivattom,2025-10-14
59,Abhinav Joseph,user59@example.com,9819335534,Mumbai,Aluva,2025-11-21
60,Anjali Iyer,user60@example.com,9816150444,Pune,Shoranur,2025-12-28
61,Arun Kumar,user61@example.com,9898753260,Kochi,Kakkanad,2025-01-07
62,Anu Varma,user62@example.com,9840587988,Palakkad,Kaloor,2025-02-14
63,Rahul Sharma,user63@example.com,9848840994,Thrissur,Palarivattom,2025-03-21
64,Sneha Menon,user64@example.com,9820709497,Kozhikode,Aluva,2025-04-28
65,Akhil Thomas,user65@example.com,9841244663,Trivandrum,Shoranur,2025-05-07
66,Meera Das,user66@example.com,9823556182,Bengaluru,Kakkanad,2025-06-14
67,Vishnu Nair,user67@example.com,9861019678,Chennai,Kaloor,2025-07-21
68,Amal Pillai,user68@example.com,9847308985,Hyderabad,Palarivattom,2025-08-28
69,Neha Joseph,user69@example.com,9870855700,Mumbai,Aluva,2025-09-07
70,Adithya Iyer,user70@example.com,9895320121,Pune,Shoranur,2025-10-14
71,Diya Kumar,user71@example.com,9858966946,Kochi,Kakkanad,2025-11-21
72,Nikhil Varma,user72@example.com,9831831063,Palakkad,Kaloor,2025-12-28
73,Athira Sharma,user73@example.com,9859684848,Thrissur,Palarivattom,2025-01-07
74,Rohan Menon,user74@example.com,9857683626,Kozhikode,Aluva,2025-02-14
75,Sanjay Thomas,user75@example.com,9838119557,Trivandrum,Shoranur,2025-03-21
76,Lakshmi Das,user76@example.com,9899949389,Bengaluru,Kakkanad,2025-04-28
77,Kiran Nair,user77@example.com,9845833156,Chennai,Kaloor,2025-05-07
78,Fathima Pillai,user78@example.com,9896977837,Hyderabad,Palarivattom,2025-06-14
79,Abhinav Joseph,user79@example.com,9819583482,Mumbai,Aluva,2025-07-21
80,Anjali Iyer,user80@example.com,9891756179,Pune,Shoranur,2025-08-28
81,Arun Kumar,user81@example.com,9895225343,Kochi,Kakkanad,2025-09-07
82,Anu Varma,user82@example.com,9832969840,Palakkad,Kaloor,2025-10-14
83,Rahul Sharma,user83@example.com,9881691040,Thrissur,Palarivattom,2025-11-21
84,Sneha Menon,user84@example.com,9842857966,Kozhikode,Aluva,2025-12-28
85,Akhil Thomas,user85@example.com,9831931511,Trivandrum,Shoranur,2025-01-07
86,Meera Das,user86@example.com,9872043515,Bengaluru,Kakkanad,2025-02-14
87,Vishnu Nair,user87@example.com,9860929647,Chennai,Kaloor,2025-03-21
88,Amal Pillai,user88@example.com,9846231783,Hyderabad,Palarivattom,2025-04-28
89,Neha Joseph,user89@example.com,9895899313,Mumbai,Aluva,2025-05-07
90,Adithya Iyer,user90@example.com,9884752529,Pune,Shoranur,2025-06-14
91,Diya Kumar,user91@example.com,9839476249,Kochi,Kakkanad,2025-07-21
92,Nikhil Varma,user92@example.com,9853524491,Palakkad,Kaloor,2025-08-28
93,Athira Sharma,user93@example.com,9817507864,Thrissur,Palarivattom,2025-09-07
94,Rohan Menon,user94@example.com,9840742311,Kozhikode,Aluva,2025-10-14
95,Sanjay Thomas,user95@example.com,9814308421,Trivandrum,Shoranur,2025-11-21
96,Lakshmi Das,user96@example.com,9852339391,Bengaluru,Kakkanad,2025-12-28
97,Kiran Nair,user97@example.com,9863843426,Chennai,Kaloor,2025-01-07
98,Fathima Pillai,user98@example.com,9845935572,Hyderabad,Palarivattom,2025-02-14
99,Abhinav Joseph,user99@example.com,9818883684,Mumbai,Aluva,2025-03-21
100,Anjali Iyer,user100@example.com,9838317637,Pune,Shoranur,2025-04-28
